čekat|Čekám ___.|I am waiting for the bus.|na autobus|o autobusu|autobusem|4
hledat|Hledám ___.|I am looking for my keys.|klíče|klíčům|klíči|4
potřebovat|Potřebuji ___.|I need help.|pomoc|pomoci|pomocí|4
chtít|Chci ___.|I want a coffee.|kávu|kávě|kávy|4
mít|Mám ___.|I have a question.|otázku|otázce|otázkou|4
vidět|Vidím ___.|I can see the teacher.|učitelku|učitelce|učitelkou|4
slyšet|Slyším ___.|I can hear music.|hudbu|hudbě|hudbou|4
poslouchat|Poslouchám ___.|I am listening to the radio.|rádio|rádiu|rádiem|4
číst|Čtu ___.|I am reading a book.|knihu|knize|knihou|4
psát|Píšu ___.|I am writing to my sister.|sestře|sestru|sestrou|3
telefonovat|Telefonuji ___.|I am phoning my mother.|mamince|maminku|maminkou|3
volat|Volám ___.|I am calling the doctor.|lékaři|lékaře|lékařem|3
odpovědět|Odpověděla jsem ___.|I answered the question.|na otázku|o otázce|otázkou|4
odpovídat|Odpovídám ___.|I am answering the teacher.|učiteli|učitele|učitelem|3
zeptat se|Zeptám se ___.|I will ask my colleague.|kolegyně|kolegyni|kolegyní|2
poděkovat|Poděkovala jsem ___.|I thanked my neighbour.|sousedce|sousedku|sousedkou|3
děkovat|Děkuji vám ___.|Thank you for your help.|za pomoc|o pomoci|s pomocí|4
pomáhat|Pomáhám ___.|I help my parents.|rodičům|rodiče|rodiči|3
pomoci|Pomohla jsem ___.|I helped my friend.|kamarádce|kamarádku|kamarádkou|3
poradit|Poradila jsem ___.|I gave advice to the student.|studentovi|studenta|studentem|3
radit|Radím ___.|I give advice to my daughter.|dceři|dceru|dcerou|3
vysvětlit|Vysvětlila jsem pravidlo ___.|I explained the rule to the students.|studentům|studenty|studenti|3
vysvětlovat|Vysvětluji ___.|I am explaining the exercise.|cvičení|cvičením|o cvičení|4
ukázat|Ukázala jsem fotografii ___.|I showed the photograph to my mother.|mamince|maminku|maminkou|3
ukazovat|Ukazuji ___.|I am pointing at the map.|na mapu|o mapě|s mapou|4
poslat|Poslala jsem dopis ___.|I sent a letter to my brother.|bratrovi|bratra|bratrem|3
posílat|Posílám ___.|I send messages.|zprávy|zprávám|zprávami|4
přinést|Přinesla jsem čaj ___.|I brought tea to my grandmother.|babičce|babičku|babičkou|3
přinášet|Přináším ___.|I am bringing good news.|dobrou zprávu|dobré zprávě|dobrou zprávou|4
půjčit|Půjčila jsem knihu ___.|I lent the book to my friend.|kamarádce|kamarádku|kamarádkou|3
půjčovat|Půjčuji ___.|I lend books.|knihy|knihám|knihami|4
vrátit|Vrátila jsem klíče ___.|I returned the keys to the receptionist.|recepčnímu|recepčního|recepčním|3
vracet|Vracím ___.|I am returning the book.|knihu|knize|knihou|4
platit|Platím ___.|I pay for lunch.|za oběd|o obědě|obědem|4
zaplatit|Zaplatila jsem ___.|I paid for the ticket.|za jízdenku|jízdenkou|na jízdence|4
nakupovat|Nakupuji ___.|I shop at the supermarket.|v supermarketu|do supermarketu|supermarketem|6
prodávat|Prodávám ___.|I sell vegetables.|zeleninu|zelenině|zeleninou|4
prodat|Prodala jsem auto ___.|I sold the car to my neighbour.|sousedovi|souseda|sousedem|3
objednat|Objednala jsem ___.|I ordered soup.|polévku|polévce|polévkou|4
objednat se|Objednala jsem se ___.|I made an appointment with the dentist.|k zubaři|u zubaře|zubařem|3
rezervovat|Rezervovala jsem ___.|I reserved a table.|stůl|stolu|stolem|4
vybrat|Vybrala jsem ___.|I chose a blue dress.|modré šaty|modrým šatům|modrými šaty|4
vybírat|Vybírám ___.|I am choosing a present.|dárek|dárku|dárkem|4
ztratit|Ztratila jsem ___.|I lost my wallet.|peněženku|peněžence|peněženkou|4
najít|Našla jsem ___.|I found my passport.|pas|pasu|pasem|4
zapomenout|Zapomněla jsem ___.|I forgot about the meeting.|na schůzku|o schůzce|schůzkou|4
zapomínat|Zapomínám ___.|I keep forgetting about my homework.|na domácí úkol|o domácím úkolu|domácím úkolem|4
pamatovat si|Pamatuji si ___.|I remember the address.|adresu|adrese|adresou|4
myslet|Myslím ___.|I am thinking about my family.|na rodinu|s rodinou|rodině|4
přemýšlet|Přemýšlím ___.|I am thinking about the problem.|o problému|na problém|problémem|6
věřit|Věřím ___.|I believe my friend.|kamarádce|kamarádku|kamarádkou|3
důvěřovat|Důvěřuji ___.|I trust the doctor.|lékaři|lékaře|lékařem|3
doufat|Doufám ___.|I hope for a good result.|v dobrý výsledek|o dobrém výsledku|dobrému výsledku|4
bát se|Bojím se ___.|I am afraid of the dog.|psa|psovi|psem|2
starat se|Starám se ___.|I take care of my grandmother.|o babičku|babičce|s babičkou|4
zajímat se|Zajímám se ___.|I am interested in history.|o historii|na historii|historií|4
učit se|Učím se ___.|I am learning Czech.|češtinu|češtině|češtinou|4
učit|Učím studenty ___.|I teach the students Czech.|češtinu|češtině|češtinou|4
studovat|Studuji ___.|I study medicine.|medicínu|medicíně|medicínou|4
trénovat|Trénuji ___.|I practise pronunciation.|výslovnost|výslovnosti|výslovností|4
opakovat|Opakuji ___.|I revise vocabulary.|slovíčka|slovíčkům|slovíčky|4
procvičovat|Procvičuji ___.|I practise grammar.|gramatiku|gramatice|gramatikou|4
pracovat|Pracuji ___.|I work on a project.|na projektu|na projekt|projektem|6
bydlet|Bydlím ___.|I live in Prague.|v Praze|do Prahy|Prahou|6
žít|Žiji ___.|I live with my family.|s rodinou|rodině|do rodiny|7
jít|Jdu ___.|I am going to the pharmacy.|do lékárny|v lékárně|lékárnou|2
chodit|Chodím ___.|I go to the doctor.|k lékaři|u lékaře|lékařem|3
jet|Jedu ___.|I am going to Prague by vehicle.|do Prahy|v Praze|Prahou|2
jezdit|Jezdím ___.|I travel by train.|vlakem|vlaku|vlak|7
cestovat|Cestuji ___.|I travel around Europe.|po Evropě|do Evropu|Evropou|6
přijet|Přijela jsem ___.|I arrived from Brno.|z Brna|do Brně|Brnem|2
odjet|Odjela jsem ___.|I left for Spain.|do Španělska|ve Španělsku|Španělskem|2
vrátit se|Vrátila jsem se ___.|I returned from work.|z práce|do práci|prací|2
vstoupit|Vstoupila jsem ___.|I entered the room.|do pokoje|v pokoji|pokojem|2
vejít|Vešla jsem ___.|I walked into the kitchen.|do kuchyně|v kuchyni|kuchyní|2
vyjít|Vyšla jsem ___.|I came out of the house.|z domu|do domu|domem|2
nastoupit|Nastoupila jsem ___.|I got on the bus.|do autobusu|v autobuse|autobusem|2
vystoupit|Vystoupila jsem ___.|I got off the tram.|z tramvaje|do tramvaje|tramvají|2
sedět|Sedím ___.|I am sitting on a chair.|na židli|na židličku|židlí|6
stát|Stojím ___.|I am standing in front of the house.|před domem|před dům|domu|7
ležet|Kniha leží ___.|The book is lying on the table.|na stole|na stůl|stolem|6
položit|Položila jsem knihu ___.|I put the book on the table.|na stůl|na stole|stolem|4
dát si|Dám si ___.|I will have a tea.|čaj|čaji|čajem|4
vzít|Vzala jsem ___.|I took an umbrella.|deštník|deštníku|deštníkem|4
otevřít|Otevřela jsem ___.|I opened the window.|okno|oknu|oknem|4
zavřít|Zavřela jsem ___.|I closed the door.|dveře|dveřím|dveřmi|4
jíst|Jím ___.|I am eating soup.|polévku|polévce|polévkou|4
pít|Piji ___.|I am drinking water.|vodu|vodě|vodou|4
vařit|Vařím ___.|I cook dinner.|večeři|večeře|večeří|4
připravit|Připravila jsem ___.|I prepared breakfast.|snídani|snídaně|snídaní|4
ochutnat|Ochutnala jsem ___.|I tasted the cake.|dort|dortu|dortem|4
používat|Používám ___.|I use a computer.|počítač|počítači|počítačem|4
opravit|Opravila jsem ___.|I repaired the washing machine.|pračku|pračce|pračkou|4
uklidit|Uklidila jsem ___.|I tidied the room.|pokoj|pokoji|pokojem|4
umýt|Umyla jsem ___.|I washed my hands.|ruce|rukám|rukama|4
nosit|Nosím ___.|I wear glasses.|brýle|brýlím|brýlemi|4
obléct si|Oblékla jsem si ___.|I put on a coat.|kabát|kabátu|kabátem|4
svléct si|Svlékla jsem si ___.|I took off my jacket.|bundu|bundě|bundou|4
potkat|Potkala jsem ___.|I met my neighbour.|sousedku|sousedce|sousedkou|4
setkat se|Setkala jsem se ___.|I met with my colleague.|s kolegyní|kolegyni|o kolegyni|7
seznámit se|Seznámila jsem se ___.|I became acquainted with my neighbour.|se sousedem|souseda|sousedovi|7
pozvat|Pozvala jsem ___.|I invited my friend.|kamarádku|kamarádce|kamarádkou|4
přivítat|Přivítala jsem ___.|I welcomed the guests.|hosty|hostům|hosté|4
povídat si|Povídám si ___.|I am chatting with my sister.|se sestrou|sestru|sestře|7
vyprávět|Vyprávím ___.|I am talking about my holiday.|o dovolené|na dovolenou|dovolenou|6
stěžovat si|Stěžuji si ___.|I complain about the noise.|na hluk|o hluku|hlukem|4
smát se|Směji se ___.|I am laughing at the joke.|vtipu|vtip|vtipem|3
radovat se|Raduji se ___.|I am happy about the success.|z úspěchu|na úspěch|úspěchem|2
zvyknout si|Zvykla jsem si ___.|I got used to the new job.|na novou práci|o nové práci|novou prací|4
rozhodnout se|Rozhodla jsem se ___.|I decided on the Czech course.|pro kurz češtiny|o kurzu češtiny|kurzem češtiny|4
zúčastnit se|Zúčastnila jsem se ___.|I attended the meeting.|schůzky|schůzku|schůzkou|2
odmítnout|Odmítla jsem ___.|I declined the offer.|nabídku|nabídce|nabídkou|4
